"sequenceId";"hylemeId";"Text";"Annotation1";"Annotation2";"Final";"Annotator1";"Annotator2"
1;1;"Orpheus ist der geliebte Sohn des Oiagros.";"durativ-konstant";"durativ-konstant";"durativ-konstant";"A2";"A3"
1;2;"Argiope ist Thrakerin.";"durativ-konstant";"durativ-konstant";"durativ-konstant";"A2";"A3"
1;3;"Argiope ist im Hades.";"durativ-initial";"durativ-initial";"durativ-initial";"A2";"A3"
1;4;"Orpheus wappnet sich mit seiner Kithara.";"punktuell";"punktuell";"punktuell";"A2";"A3"
1;5;"Orpheus segelt zu Charon.";"punktuell";"punktuell";"punktuell";"A2";"A3"
1;6;"Orpheus reist allein am Ufer entlang.";"punktuell";"punktuell";"punktuell";"A2";"A3"
1;7;"Orpheus spielt auf seiner Kithara.";"punktuell";"punktuell";"punktuell";"A2";"A3"
1;8;"Orpheus gewinnt verschiedene Götter für sich.";"punktuell";"punktuell";"punktuell";"A2";"A3"
1;9;"Orpheus widersteht dem Blick des furchtbaren Kerberos.";"punktuell";"punktuell";"punktuell";"A2";"A3"
1;10;"Orpheus stimmt die großen Herrscher (der Unterwelt) mit Gesang um.";"punktuell";"punktuell";"punktuell";"A2";"A3"
1;11;"Argiope bekommt zarten Lebensatem.";"punktuell";"punktuell";"punktuell";"A2";"A3"
1;12;"Orpheus bringt Argiope aus dem Hades herauf.";"punktuell";"punktuell";"punktuell";"A2";"A3"
10;169;"Die Schlange steigt von der Unterwelt herauf.";"punktuell";"punktuell";"punktuell";"A5";"A3"
10;170;"NN steigt von einem reinen Ort herauf.";"punktuell";"punktuell";"punktuell";"A5";"A3"
10;171;"Die Körperglieder sind gelähmt.";"durativ-konstant";"durativ-konstant";"durativ-konstant";"A5";"A3"
10;172;"Die Schlange soll den Zahn nicht hineinführen.";"punktuell";"punktuell";"punktuell";"A5";"A3"
10;173;"Der Skorpion soll den Zahn nicht hineinführen.";"punktuell";"punktuell";"punktuell";"A5";"A3"
10;174;"Das Kalb ist am Himmel. ";"durativ-konstant";"durativ-konstant";"durativ-konstant";"A5";"A3"
15;300;"Eurydike geht durch das Gras.";"punktuell";"punktuell";"punktuell";"A3";"A1"
15;301;"Eine Schlange beißt Eurydike in die Ferse.";"punktuell";"punktuell";"punktuell";"A3";"A1"
15;302;"Eurydike stirbt.";"punktuell";"punktuell";"punktuell";"A3";"A1"
15;303;"Orpheus trauert um Eurydike.";"punktuell";"punktuell";"punktuell";"A3";"A1"
15;304;"Orpheus steigt herab zum Styx durch die taenarische Pforte.";"punktuell";"punktuell";"punktuell";"A3";"A1"
15;305;"Orpheus erreicht Persephone und Pluto.";"punktuell";"punktuell";"punktuell";"A3";"A1"
15;306;"Pluto herrscht als König der Schatten über das Reich ohne Lieblichkeit.";"durativ-konstant";"durativ-konstant";"durativ-konstant";"A3";"A1"
15;307;"Orpheus singt.";"punktuell";"punktuell";"punktuell";"A3";"A1"
15;308;"Orpheus zieht (die Unterwelt) mit Gesang in seinen Bann.";"punktuell";"punktuell";"punktuell";"A3";"A1"
15;309;"Orpheus erbittet das Leben Eurydikes oder den eigenen Tod.";"punktuell";"punktuell";"punktuell";"A3";"A1"
15;310;"Pluto und Persephone verweigern dem Orpheus die Bitte nicht.";"punktuell";"punktuell";"punktuell";"A3";"A1"
15;311;"Pluto und Persephone rufen Eurydike herbei.";"punktuell";"punktuell";"punktuell";"A3";"A1"
15;312;"Eurydike kommt zu Orpheus.";"punktuell";"punktuell";"punktuell";"A3";"A1"
15;313;"Orpheus nimmt Eurydike und die Bedingung (für den Aufstieg mit Eurydike) entgegen.";"punktuell";"punktuell";"punktuell";"A3";"A1"
15;314;"Orpheus darf bis zum Austritt aus den Tälern des Avernus nicht zurückblicken. ";"punktuell";"punktuell";"punktuell";"A3";"A1"
15;315;"Orpheus und Eurydike treten den steilen Weg nach oben an.";"punktuell";"punktuell";"punktuell";"A3";"A1"
15;316;"Orpheus und Eurydike sind nahe am Rand der Erdoberfläche.";"punktuell";"punktuell";"punktuell";"A3";"A1"
15;317;"Orpheus fürchtet das Ermatten Eurydikes.";"punktuell";"punktuell";"punktuell";"A3";"A1"
15;318;"[Orpheus fürchtet, dass Eurydike nicht mehr hinter ihm ist.]";"punktuell";"punktuell";"punktuell";"A3";"A1"
15;319;"Orpheus sehnt sich nach Eurydikes Anblick.";"punktuell";"punktuell";"punktuell";"A3";"A1"
15;320;"Orpheus blickt sich um.";"punktuell";"punktuell";"punktuell";"A3";"A1"
15;321;"Eurydike gleitet zurück.";"punktuell";"punktuell";"punktuell";"A3";"A1"
15;322;"Eurydike erhebt gegen Orpheus keine Vorwürfe.";"punktuell";"punktuell";"punktuell";"A3";"A1"
15;323;"Eurydike sagt ein letztes Lebewohl.";"punktuell";"punktuell";"punktuell";"A3";"A1"
15;324;"Orpheus ist starr (vor Entsetzen) über Eurydikes zweifachen Tod.";"punktuell";"punktuell";"punktuell";"A3";"A1"
15;325;"Orpheus erbittet erneute Überquerung (des Unterweltflusses).";"punktuell";"punktuell";"punktuell";"A3";"A1"
15;326;"Der Fährmann verwehrt dem Orpheus (Zutritt).";"punktuell";"punktuell";"punktuell";"A3";"A1"
22;488;"Elia und Elischa verlassen Gilgal.";"punktuell";"punktuell";"punktuell";"A1";"A2"
22;489;"Elia spricht zu Elischa.";"punktuell";"punktuell";"punktuell";"A1";"A2"
22;490;"Elia fordert Elischa zum Verbleib in Gilgal auf.";"punktuell";"punktuell";"punktuell";"A1";"A2"
22;491;"Elischa spricht zu Elia.";"punktuell";"punktuell";"punktuell";"A1";"A2"
22;492;"Elischa schwört Verbleib bei Elia.";"punktuell";"punktuell";"punktuell";"A1";"A2"
22;493;"Elia und Elischa gehen nach Bet-El.";"punktuell";"punktuell";"punktuell";"A1";"A2"
22;494;"Die Prophetenjünger von Bet-El gehen zu Elischa.";"punktuell";"punktuell";"punktuell";"A1";"A2"
22;495;"Die Prophetenjünger von Bet-El sprechen zu Elischa.";"punktuell";"punktuell";"punktuell";"A1";"A2"
22;496;"Die Prophetenjünger von Bet-El fragen Elischa nach seiner Kenntnis von der bevorstehenden Entrückung Elias durch JHWH.";"punktuell";"punktuell";"punktuell";"A1";"A2"
22;497;"Elia ist Elischas Herr.";"durativ-konstant";"durativ-konstant";"durativ-konstant";"A1";"A2"
22;498;"Elischa spricht zu den Prophetenjüngern von Bet-El.";"punktuell";"punktuell";"punktuell";"A1";"A2"
22;499;"Elischa weiß von bevorstehender Entrückung Elias durch JHWH.";"durativ-konstant";"durativ-konstant";"durativ-konstant";"A1";"A2"
22;500;"Elischa fordert die Prophetenjünger von Bet-El zum Schweigen auf.";"punktuell";"punktuell";"punktuell";"A1";"A2"
22;501;"Elia spricht zu Elischa.";"punktuell";"punktuell";"punktuell";"A1";"A2"
22;502;"Elia fordert Elischa zum Verbleib in Bet-El auf.";"punktuell";"punktuell";"punktuell";"A1";"A2"
22;503;"Elischa spricht zu Elia.";"punktuell";"punktuell";"punktuell";"A1";"A2"
22;504;"Elischa schwört Verbleib bei Elia.";"punktuell";"punktuell";"punktuell";"A1";"A2"
22;505;"Elia und Elischa gehen nach Jericho.";"punktuell";"punktuell";"punktuell";"A1";"A2"
22;506;"Die Prophetenjünger von Jericho gehen zu Elischa.";"punktuell";"punktuell";"punktuell";"A1";"A2"
22;507;"Die Prophetenjünger von Jericho sprechen zu Elischa.";"punktuell";"punktuell";"punktuell";"A1";"A2"
22;508;"Die Prophetenjünger von Jericho fragen Elischa nach seiner Kenntnis von der bevorstehenden Entrückung Elias durch JHWH.";"punktuell";"punktuell";"punktuell";"A1";"A2"
22;509;"Elischa spricht zu den Prophetenjüngern von Jericho.";"punktuell";"punktuell";"punktuell";"A1";"A2"
22;510;"Elischa fordert die Prophetenjünger von Jericho zum Schweigen auf.";"punktuell";"punktuell";"punktuell";"A1";"A2"
22;511;"Elia spricht zu Elischa.";"punktuell";"punktuell";"punktuell";"A1";"A2"
22;512;"Elia fordert Elischa zum Verbleib in Jericho auf.";"punktuell";"punktuell";"punktuell";"A1";"A2"
22;513;"Elischa spricht zu Elia.";"punktuell";"punktuell";"punktuell";"A1";"A2"
22;514;"Elia und Elischa gehen.";"punktuell";"punktuell";"punktuell";"A1";"A2"
22;515;"50 Prophetenjünger kommen.";"punktuell";"punktuell";"punktuell";"A1";"A2"
22;516;"Die Prophetenjünger stellen sich in der Ferne hin.";"punktuell";"punktuell";"punktuell";"A1";"A2"
22;517;"Elia und Elischa treten an den Jordan.";"punktuell";"punktuell";"punktuell";"A1";"A2"
22;518;"Elia schlägt das Wasser mit seinem Mantel.";"punktuell";"punktuell";"punktuell";"A1";"A2"
22;519;"Das Wasser teilt sich.";"punktuell";"punktuell";"punktuell";"A1";"A2"
22;520;"Elia und Elischa durchqueren den Jordan trockenen Fußes.";"punktuell";"punktuell";"punktuell";"A1";"A2"
22;521;"Elia spricht zu Elischa.";"punktuell";"punktuell";"punktuell";"A1";"A2"
22;522;"Elia eröffnet Elischa vor seiner Entrückung einen letzten Wunsch.";"punktuell";"punktuell";"punktuell";"A1";"A2"
22;523;"Elischa spricht zu Elia.";"punktuell";"punktuell";"punktuell";"A1";"A2"
22;524;"Elischa wünscht von Elia den Übergang von zwei Teilen von Elias Geist auf Elischa.";"punktuell";"punktuell";"punktuell";"A1";"A2"
22;525;"Elia spricht zu Elischa.";"punktuell";"punktuell";"punktuell";"A1";"A2"
22;526;"Elia nennt Elischa die Bedingung der Erfüllung des Wunsches.";"punktuell";"punktuell";"punktuell";"A1";"A2"
22;527;"Elia und Elischa unterhalten sich beim Gehen.";"punktuell";"punktuell";"punktuell";"A1";"A2"
22;528;"Ein feuriger Wagen und feurige Pferde trennen Elia und Elischa voneinander.";"punktuell";"punktuell";"punktuell";"A1";"A2"
22;529;"Elia fährt im Sturm in den Himmel empor.";"punktuell";"punktuell";"punktuell";"A1";"A2"
22;530;"JHWH führt Elia durch einen Sturm in den Himmel empor.";"punktuell";"punktuell";"punktuell";"A1";"A2"
22;531;"Elischa sieht die Himmelfahrt Elias.";"punktuell";"punktuell";"punktuell";"A1";"A2"
22;532;"Elischa schreit zu Elia.";"punktuell";"punktuell";"punktuell";"A1";"A2"
22;533;"Elia ist Wagen Israels und sein Gespann.";"punktuell";"punktuell";"punktuell";"A1";"A2"
22;534;"Elischa sieht Elia nicht mehr.";"punktuell";"punktuell";"punktuell";"A1";"A2"
22;535;"Elischa reißt seine Kleider entzwei.";"punktuell";"punktuell";"punktuell";"A1";"A2"
22;536;"Elischas Mantel fällt herunter.";"punktuell";"punktuell";"punktuell";"A1";"A2"
22;537;"Elischa hebt Elias Mantel auf.";"punktuell";"punktuell";"punktuell";"A1";"A2"
22;538;"Elischa tritt an das Ufer des Jordan.";"punktuell";"punktuell";"punktuell";"A1";"A2"
22;539;"Elischa schlägt mit dem Mantel Elischas auf das Wasser.";"punktuell";"punktuell";"punktuell";"A1";"A2"
22;540;"Elischa fragt nach JHWH.";"punktuell";"punktuell";"punktuell";"A1";"A2"
22;541;"JHWH ist der Gott Elias.";"durativ-konstant";"durativ-konstant";"punktuell";"A1";"A2"
22;542;"Das Wasser teilt sich.";"punktuell";"punktuell";"punktuell";"A1";"A2"
22;543;"Elischa durchquert den Jordan.";"punktuell";"punktuell";"punktuell";"A1";"A2"
22;544;"Die Prophetenjünger von Jericho sehen Elischa.";"punktuell";"punktuell";"punktuell";"A1";"A2"
22;545;"Die Prophetenjünger von Jericho stellen Ruhen des Geistes Elias auf Elischa fest.";"punktuell";"punktuell";"punktuell";"A1";"A2"
22;546;"Die Prophetenjünger von Jericho kommen Elischa entgegen.";"punktuell";"punktuell";"punktuell";"A1";"A2"
22;547;"Die Prophetenjünger von Jericho werfen sich vor Elischa nieder.";"punktuell";"punktuell";"punktuell";"A1";"A2"
22;548;"Die Prophetenjünger von Jericho sprechen zu Elischa.";"punktuell";"punktuell";"punktuell";"A1";"A2"
22;549;"Die Prophetenjünger von Jericho sind Elischas Knechte.";"durativ-konstant";"punktuell";"durativ-konstant";"A1";"A2"
22;550;"Die Prophetenjünger von Jericho schlagen Elischa die Aussendung von 50 starken Männern zur Suche nach Elia vor.";"punktuell";"punktuell";"punktuell";"A1";"A2"
22;551;"Elischa spricht zu den Prophetenjüngern von Jericho.";"punktuell";"punktuell";"punktuell";"A1";"A2"
22;552;"Elischa verbietet die Aussendung der 50 Männer.";"punktuell";"punktuell";"punktuell";"A1";"A2"
22;553;"Die Prophetenjünger drängen Elischa.";"punktuell";"punktuell";"punktuell";"A1";"A2"
22;554;"Elischa spricht zu den Prophetenjüngern von Jericho.";"punktuell";"punktuell";"punktuell";"A1";"A2"
22;555;"Elischa erlaubt die Aussendung der 50 Männer.";"punktuell";"punktuell";"punktuell";"A1";"A2"
22;556;"Die Prophetenjünger von Jericho senden 50 Männer aus.";"punktuell";"punktuell";"punktuell";"A1";"A2"
22;557;"Die 50 Männer suchen Elia drei Tage lang.";"punktuell";"punktuell";"punktuell";"A1";"A2"
22;558;"Die 50 Männer finden Elia nicht.";"punktuell";"punktuell";"punktuell";"A1";"A2"
22;559;"Die 50 Männer kehren zu Elischa zurück.";"punktuell";"punktuell";"punktuell";"A1";"A2"
22;560;"Elischa hält sich in Jericho auf.";"punktuell";"punktuell";"punktuell";"A1";"A2"
22;561;"Elischa spricht zu den 50 Männern.";"punktuell";"punktuell";"punktuell";"A1";"A2"
22;562;"Elischa erinnert die 50 Männer an das ursprüngliche Verbot der Aussendung.";"punktuell";"punktuell";"punktuell";"A1";"A2"
30;816;"Die große Hebamme von Kulaba geht ins Haus des Agrun.";"durativ-resultativ";"punktuell";"punktuell";"A5";"A3"
30;817;"Die große Hebamme von Kulaba wirft etwas im Agrun wegen der Beschwörung ins Wasser.";"punktuell";"punktuell";"punktuell";"A5";"A3"
38;958;"Das [böse] Auge ist ein Damhirsch.";"durativ-konstant";"durativ-konstant";"durativ-konstant";"A5";"A3"
38;959;"Das Auge des kur kommt aus dem kur.";"punktuell";"punktuell";"punktuell";"A5";"A3"
38;960;"Der Damhirsch lässt seine scheinenden Hörner raus.";"punktuell";"punktuell";"punktuell";"A5";"A3"
50;1084;"Michael blickt herab.";"punktuell";"punktuell";"punktuell";"A2";"A1"
50;1085;"Sureˀēl blickt herab.";"punktuell";"punktuell";"punktuell";"A2";"A1"
50;1086;"Rufael blickt herab.";"punktuell";"punktuell";"punktuell";"A2";"A1"
50;1087;"Gabriel blickt herab.";"punktuell";"punktuell";"punktuell";"A2";"A1"
50;1088;"Michael sieht das Blut.";"punktuell";"punktuell";"punktuell";"A2";"A1"
50;1089;"Sureˀēl sieht das Blut.";"punktuell";"punktuell";"punktuell";"A2";"A1"
50;1090;"Rufael sieht das Blut.";"punktuell";"punktuell";"punktuell";"A2";"A1"
50;1091;"Gabriel sieht das Blut.";"punktuell";"punktuell";"punktuell";"A2";"A1"
50;1092;"NN vergießt Blut.";"punktuell";"punktuell";"punktuell";"A2";"A1"
50;1093;"Michael sieht das Unrecht.";"punktuell";"punktuell";"punktuell";"A2";"A1"
50;1094;"Sureˀēl sieht das Unrecht.";"punktuell";"punktuell";"punktuell";"A2";"A1"
50;1095;"Rufael sieht das Unrecht.";"punktuell";"punktuell";"punktuell";"A2";"A1"
50;1096;"Gabriel sieht das Unrecht.";"punktuell";"punktuell";"punktuell";"A2";"A1"
50;1097;"NN verübt Unrecht. ";"punktuell";"punktuell";"punktuell";"A2";"A1"
50;1098;"Die Engel sprachen zueinander.";"punktuell";"punktuell";"punktuell";"A2";"A1"
50;1099;"Die Erde schreit.";"punktuell";"punktuell";"punktuell";"A2";"A1"
50;1100;"Die Seelen der Menschen klagen zu den Heiligen des Himmels.";"punktuell";"punktuell";"punktuell";"A2";"A1"
50;1101;"Die Seelen der Menschen sprechen zu den Heiligen des Himmels.";"punktuell";"punktuell";"punktuell";"A2";"A1"
50;1102;"Die Engel bringen den Rechtsfall vor den Höchsten.";"punktuell";"punktuell";"punktuell";"A2";"A1"
50;1103;"Die Engel sprechen zu ihrem Herrn.";"punktuell";"punktuell";"punktuell";"A2";"A1"
50;1104;"Der Herr ist Herr der Herren.";"durativ-konstant";"durativ-konstant";"durativ-konstant";"A2";"A1"
50;1105;"Der Herr ist Gott der Götter.";"durativ-konstant";"durativ-konstant";"durativ-konstant";"A2";"A1"
50;1106;"Der Herr ist König der Könige.";"durativ-konstant";"durativ-konstant";"durativ-konstant";"A2";"A1"
50;1107;"Der Thron der Herrlichkeit Gottes ist heilig. ";"durativ-konstant";"durativ-konstant";"durativ-konstant";"A2";"A1"
50;1108;"Der Name Gottes ist heilig.";"durativ-konstant";"durativ-konstant";"durativ-konstant";"A2";"A1"
50;1109;"Der Name Gottes ist gepriesen.";"durativ-konstant";"durativ-konstant";"durativ-konstant";"A2";"A1"
50;1110;"Der Name Gottes ist verherrlicht.";"durativ-konstant";"durativ-konstant";"durativ-konstant";"A2";"A1"
50;1111;"Gott schafft alles.";"durativ-konstant";"durativ-konstant";"durativ-konstant";"A2";"A1"
50;1112;"Die Macht über alles liegt bei Gott.";"durativ-konstant";"durativ-konstant";"durativ-konstant";"A2";"A1"
50;1113;"Alles ist vor Gott enthüllt.";"durativ-konstant";"durativ-konstant";"durativ-konstant";"A2";"A1"
50;1114;"Alles ist vor Gott offenbar.";"durativ-konstant";"durativ-konstant";"durativ-konstant";"A2";"A1"
50;1115;"Gott sieht alles.";"durativ-konstant";"durativ-konstant";"durativ-konstant";"A2";"A1"
50;1116;"Nichts verbirgt sich vor Gott.";"durativ-konstant";"durativ-konstant";"durativ-konstant";"A2";"A1"
50;1117;"Gott sieht Azāzˀēls Tat.";"punktuell";"punktuell";"punktuell";"A2";"A1"
50;1118;"Azāzˀēls lehrt Ungerechtigkeit.";"punktuell";"punktuell";"punktuell";"A2";"A1"
50;1119;"Azāzˀēl gibt Geheimnisse preis.";"punktuell";"punktuell";"punktuell";"A2";"A1"
50;1120;"NN bereitet die Geheimnisse.";"punktuell";"punktuell";"punktuell";"A2";"A1"
50;1121;"Semyāzā bringt den Menschen Kenntnis.";"punktuell";"punktuell";"punktuell";"A2";"A1"
50;1122;"Gott gibt Semyāzā Vollmacht.";"punktuell";"punktuell";"punktuell";"A2";"A1"
50;1123;"Semyāzā herrscht über die  zu ihm Gehörigen.";"durativ-konstant";"durativ-konstant";"durativ-konstant";"A2";"A1"
50;1124;"Die Engel gehen zu den Töchtern der Menschen.";"punktuell";"punktuell";"punktuell";"A2";"A1"
50;1125;"Die Engel schlafen mit den Frauen.";"punktuell";"punktuell";"punktuell";"A2";"A1"
50;1126;"Die Engel verunreinigen sich.";"punktuell";"punktuell";"punktuell";"A2";"A1"
50;1127;"Die Engel machen die Sünden offenbar.";"punktuell";"punktuell";"punktuell";"A2";"A1"
50;1128;"Die Frauen gebären Riesen.";"punktuell";"punktuell";"punktuell";"A2";"A1"
50;1129;"NN füllt die Erde mit Blut an.";"punktuell";"punktuell";"punktuell";"A2";"A1"
50;1130;"NN füllt die Erde mit Unrecht an.";"punktuell";"punktuell";"punktuell";"A2";"A1"
50;1131;"Die Seelen der Toten schreien.";"punktuell";"punktuell";"punktuell";"A2";"A1"
50;1132;"Die Seelen der Toten klagen.";"punktuell";"punktuell";"punktuell";"A2";"A1"
50;1133;"Das Seufzen der Seelen steigt auf.";"punktuell";"punktuell";"punktuell";"A2";"A1"
50;1134;"Das Seufzen entkommt.";"punktuell";"punktuell";"punktuell";"A2";"A1"
50;1135;"Gott weiß alles.";"durativ-konstant";"durativ-konstant";"durativ-konstant";"A2";"A1"
50;1136;"Gott weiß das die Engel Betreffende.";"durativ-konstant";"durativ-konstant";"durativ-konstant";"A2";"A1"
50;1137;"Gott spricht zu den Engeln.";"punktuell";"punktuell";"punktuell";"A2";"A1"
50;1138;"Michael, Sureˀēl, Gabriel und Rufael tun X mit den Engeln.";"punktuell";"punktuell";"punktuell";"A2";"A1"
63;1457;"Ein [kranker] Mensch [kann] nicht nach vorne gehen.";"punktuell";"durativ-konstant";"durativ-konstant";"A5";"A3"
63;1458;"Ein [kranker] Mensch [kann] nicht zurückkehren.";"punktuell";"durativ-konstant";"durativ-konstant";"A5";"A3"
63;1459;"[Ein Mensch] hebt die Augen.";"punktuell";"punktuell";"punktuell";"A5";"A3"
63;1460;"Utu steigt nicht auf.";"durativ-konstant";"durativ-konstant";"durativ-konstant";"A5";"A3"
63;1461;"Zuen ist nicht geboren.";"durativ-konstant";"durativ-konstant";"durativ-konstant";"A5";"A3"
63;1462;"Nanna kommt nicht heraus.";"durativ-konstant";"durativ-konstant";"durativ-konstant";"A5";"A3"
63;1463;"Gibil kommt aus dem Land-ohne-Rückkehr vor das Antlitz [eines Patienten].";"punktuell";"punktuell";"punktuell";"A5";"A3"
87;2197;"Innana bringt das Hinuntergehen in die Unterwelt von Eridu nach Uruk.";"punktuell";"durativ-resultativ";"durativ-resultativ";"A1";"A5"
87;2198;"Innana bringt das Heraufkommen von Eridu nach Uruk.";"punktuell";"durativ-resultativ";"durativ-resultativ";"A1";"A5"
101;2482;"Jakob verlässt Beerscheba in Richtung Haran.";"punktuell";"punktuell";"punktuell";"A2";"A1"
101;2483;"Jakob trifft auf eine Stätte.";"punktuell";"punktuell";"punktuell";"A2";"A1"
101;2484;"Die Sonne geht unter.";"punktuell";"punktuell";"punktuell";"A2";"A1"
101;2485;"Jakob legt einen Stein an sein Kopfende.";"punktuell";"punktuell";"punktuell";"A2";"A1"
101;2486;"Jakob übernachtet an der Stätte im Freien.";"punktuell";"punktuell";"punktuell";"A2";"A1"
101;2487;"Jakob träumt.";"punktuell";"punktuell";"punktuell";"A2";"A1"
101;2488;"Eine Treppe/Rampe verbindet Himmel und Erde.";"durativ-konstant";"durativ-konstant";"durativ-konstant";"A2";"A1"
101;2489;"Die Engel Gottes steigen auf der Treppe/Rampe auf.";"punktuell";"punktuell";"punktuell";"A2";"A1"
101;2490;"Die Engel Gottes steigen auf der Treppe/Rampe ab.";"punktuell";"punktuell";"punktuell";"A2";"A1"
101;2491;"Jakob wacht auf.";"punktuell";"punktuell";"punktuell";"A2";"A1"
101;2492;"Jakob vermutet JHWH an der Stätte.";"punktuell";"punktuell";"punktuell";"A2";"A1"
101;2493;"Jakob fürchtet sich.";"punktuell";"punktuell";"punktuell";"A2";"A1"
101;2494;"Jakob bezeichnet die Stätte als furchterregend.";"punktuell";"punktuell";"punktuell";"A2";"A1"
101;2495;"Jakob bezeichnet die Stätte als Haus Gottes.";"punktuell";"punktuell";"punktuell";"A2";"A1"
101;2496;"Jakob bezeichnet die Stätte als Tor des Himmels.";"punktuell";"punktuell";"punktuell";"A2";"A1"
101;2497;"Jakob steht früh am Morgen auf.";"punktuell";"punktuell";"punktuell";"A2";"A1"
101;2498;"Jakob errichtet den Stein als Steinmal.";"punktuell";"punktuell";"punktuell";"A2";"A1"
101;2499;"Jakob gießt Öl über das Steinmal.";"punktuell";"punktuell";"punktuell";"A2";"A1"
101;2500;"Jakob nennt die Stätte Bet-El / Haus Gottes.";"punktuell";"punktuell";"punktuell";"A2";"A1"
180;5573;"Die Sterne übertreten Gottes Gesetz.";"durativ-konstant";"durativ-konstant";"durativ-konstant";"A1";"A2"
180;5574;"Die Sünden sind 10.000.";"durativ-konstant";"durativ-konstant";"durativ-konstant";"A1";"A2"
180;5575;"10.000 Jahre vergehen.";"punktuell";"punktuell";"punktuell";"A1";"A2"
180;5576;"Enoch geht zu einem anderen Ort.";"punktuell";"punktuell";"punktuell";"A1";"A2"
180;5577;"Der Ort ist schrecklicher.";"durativ-konstant";"durativ-konstant";"durativ-konstant";"A1";"A2"
180;5578;"Henoch sieht schreckliche Dinge.";"punktuell";"punktuell";"punktuell";"A1";"A2"
180;5579;"Ein großes Feuer brennt.";"punktuell";"punktuell";"punktuell";"A1";"A2"
180;5580;"Die Kluft reicht bis zum Abgrund.";"durativ-konstant";"durativ-konstant";"durativ-konstant";"A1";"A2"
180;5581;"Die Feuersäulen füllen die Kluft.";"durativ-konstant";"durativ-konstant";"durativ-konstant";"A1";"A2"
180;5582;"NN lässt die Feuersäulen fallen.";"punktuell";"punktuell";"punktuell";"A1";"A2"
180;5583;"Henoch sieht die Ausdehnung und Größe der Feuersäulen nicht.";"punktuell";"durativ-konstant";"durativ-konstant";"A1";"A2"
180;5584;"Henoch sieht den Ursprung der Feuersäulen nicht.";"punktuell";"durativ-konstant";"durativ-konstant";"A1";"A2"
180;5585;"Henoch spricht zu Uriel.";"punktuell";"punktuell";"punktuell";"A1";"A2"
180;5586;"Der Ort peinigt Henoch.";"punktuell";"punktuell";"punktuell";"A1";"A2"
180;5587;"Uriel antwortet Henoch.";"punktuell";"punktuell";"punktuell";"A1";"A2"
180;5588;"Henoch hat Angst.";"durativ-resultativ";"durativ-resultativ";"durativ-resultativ";"A1";"A2"
180;5589;"Der schreckliche Ort ängstigt Henoch.";"durativ-resultativ";"durativ-resultativ";"durativ-resultativ";"A1";"A2"
180;5590;"Der Ort ist das Gefängnis von Engeln.";"durativ-konstant";"durativ-konstant";"durativ-konstant";"A1";"A2"
180;5591;"NN hält Engel gefangen.";"durativ-konstant";"durativ-initial";"durativ-konstant";"A1";"A2"
180;5592;"Henoch sieht andere Berge.";"punktuell";"punktuell";"punktuell";"A1";"A2"
180;5593;"Bäume wachsen auf den Bergen.";"durativ-konstant";"durativ-konstant";"durativ-konstant";"A1";"A2"
180;5594;"Flüssigkeit fließt aus den Bäumen.";"durativ-konstant";"durativ-konstant";"durativ-konstant";"A1";"A2"
180;5595;"Die Flüssigkeit ist wie Honig.";"durativ-konstant";"punktuell";"punktuell";"A1";"A2"
180;5596;"NN nennt die Flüssigkeit Sararā und Galbanum.";"punktuell";"punktuell";"punktuell";"A1";"A2"
180;5597;"Anderer Berg ist hinter dem Berg.";"durativ-konstant";"durativ-konstant";"durativ-konstant";"A1";"A2"
180;5598;"Henoch sieht den Berg.";"punktuell";"punktuell";"punktuell";"A1";"A2"
180;5599;"Ein Aloebaum wächst auf dem Berg.";"durativ-konstant";"durativ-konstant";"durativ-konstant";"A1";"A2"
180;5600;"Der Baum ist voller Früchte.";"durativ-konstant";"durativ-konstant";"durativ-konstant";"A1";"A2"
180;5601;"Die Bäume sind wie der Mandelbaum.";"durativ-konstant";"durativ-konstant";"durativ-konstant";"A1";"A2"
180;5602;"Die Früchte sind hart.";"durativ-konstant";"durativ-konstant";"durativ-konstant";"A1";"A2"
180;5603;"NN zerreibt die Frucht.";"punktuell";"punktuell";"punktuell";"A1";"A2"
180;5604;"Die Frucht übertrifft jeden Wohlgeruch.";"durativ-konstant";"durativ-konstant";"durativ-konstant";"A1";"A2"
196;5942;"Namtar ist wie der Himmel.";"durativ-konstant";"durativ-konstant";"durativ-konstant";"A2";"A1"
196;5943;"Namtar kommt aus der Unterwelt.";"punktuell";"punktuell";"punktuell";"A2";"A1"
196;5944;"NN kann Namtar nicht greifen.";"punktuell";"punktuell";"punktuell";"A2";"A1"
196;5945;"[Namtar] erlegt einem Menschen die Kopfkrankheit auf.";"punktuell";"punktuell";"punktuell";"A2";"A1"
207;5999;"Der Mensch NN hat eine Schutzgottheit.";"durativ-konstant";"durativ-konstant";"durativ-konstant";"A1";"A6"
207;6000;"NN (=Mensch) ist ein Diener seiner Schutzgottheit.";"durativ-konstant";"durativ-konstant";"durativ-konstant";"A1";"A6"
207;6001;"Der Mensch NN ist voller Vertrauen auf seine Schutzgottheit.";"durativ-konstant";"durativ-konstant";"durativ-konstant";"A1";"A6"
207;6002;"Die Unterwelt hat Bereiche geprägt  von Dunkelheit, Hunger und Durst und Bereiche mit Licht, Essen und Trinken.";"durativ-konstant";"durativ-konstant";"durativ-konstant";"A1";"A6"
207;6003;"Die Anunnakū sind die Vorfahren von NN.";"durativ-konstant";"durativ-resultativ";"durativ-konstant";"A1";"A6"
207;6004;"Die Anunnakū leben in der lebenspendenden  Region der Unterwelt.";"durativ-konstant";"durativ-konstant";"durativ-konstant";"A1";"A6"
207;6005;"Die Götter der Unterwelt sind die Richter über den gerade Verstorbenen";"durativ-konstant";"durativ-konstant";"durativ-konstant";"A1";"A6"
207;6006;"Die Götter der Unterwelt haben die Macht durch ihr Urteil jedem Verstorbenen seinen Platz in der Unterwelt zuzuweisen.";"durativ-konstant";"durativ-konstant";"durativ-konstant";"A1";"A6"
207;6007;"Die Schutzgottheit kennt gute und schlechte Regionen der Unterwelt";"durativ-konstant";"durativ-konstant";"durativ-konstant";"A1";"A6"
207;6008;"NN (=Mensch) stirbt.";"punktuell";"durativ-resultativ";"punktuell";"A1";"A6"
207;6009;"Der Verstorbene betritt die Bereiche der Unterwelt, wo Dunkelheit, Hunger und Durst herrschen.";"punktuell";"durativ-resultativ";"punktuell";"A1";"A6"
207;6018;"Der Verstorbene will sich dem Vorfahr von NN anschließen.";"punktuell";"durativ-resultativ";"punktuell";"A1";"A6"
207;6019;"Der Verstorbene muss den großen Göttern gegenübertreten.";"punktuell";"durativ-resultativ";"punktuell";"A1";"A6"
207;6020;"Der Verstorbene, der auf seine Schutzgottheit vertraut, ruft seinen Schutzgott um Hilfe an.";"punktuell";"durativ-resultativ";"punktuell";"A1";"A6"
207;6021;"Die Schutzgottheit nimmt das Gebet des Verstorbenen an.";"punktuell";"durativ-resultativ";"punktuell";"A1";"A6"
207;6022;"Die Schutzgottheit sucht den Verstorbenen in den schrecklichen Bereichen der Unterwelt.";"punktuell";"durativ-resultativ";"punktuell";"A1";"A6"
207;6023;"Die Schutzgottheit entdeckt den Verstorbenen.";"punktuell";"durativ-resultativ";"punktuell";"A1";"A6"
207;6024;"Die Schutzgottheit geleitet den Verstorbenen zu den Großen Göttern.";"punktuell";"durativ-resultativ";"punktuell";"A1";"A6"
207;6025;"Die Großen Götter richten über den Verstorbenen.";"punktuell";"durativ-resultativ";"punktuell";"A1";"A6"
207;6026;"Der Verstorbene hält die Hand seiner Schutzgottheit fest.";"punktuell";"durativ-resultativ";"punktuell";"A1";"A6"
207;6041;"Der Verstorbene ruft seine Schutzgottheit an.";"punktuell";"durativ-resultativ";"punktuell";"A1";"A6"
207;6042;"Die Schutzgottheit plädiert für den Verstorbenen.";"punktuell";"durativ-resultativ";"punktuell";"A1";"A6"
207;6043;"Die Götter verkünden den Urteilsspruch";"punktuell";"durativ-resultativ";"punktuell";"A1";"A6"
207;6044;"Der Verstorbene darf sich dem Vorfahr von NN anschließen.";"punktuell";"durativ-resultativ";"punktuell";"A1";"A6"
207;6045;"Die Schutzgottheit geleitet den Vertorbenen durch die schrecklichen Regionen der Unterwelt.";"punktuell";"durativ-resultativ";"punktuell";"A1";"A6"
207;6046;"Die Schutzgottheit geleitet den Verstorbenen zu einer Wiese.";"punktuell";"durativ-resultativ";"punktuell";"A1";"A6"
207;6047;"Die Schutzgottheit erschafft Wasser und Gras.";"punktuell";"durativ-resultativ";"punktuell";"A1";"A6"
207;6048;"Die Schutzgottheit erschafft Essen und Trinken.";"punktuell";"durativ-resultativ";"punktuell";"A1";"A6"
207;6049;"Die Schutzgottheit lädt den Verstorbenen und seine Vorfahren zum Essen und Trinken ein.";"punktuell";"durativ-resultativ";"punktuell";"A1";"A6"
207;6050;"Der Verstorbene feiert ein Festmahl mit seinen Vorfahren.";"punktuell";"durativ-resultativ";"punktuell";"A1";"A6"
218;6182;"Der Kopfschmerzdämon [und andere Dämonen] kommen verwirrt aus der Unterwelt.";"punktuell";"punktuell";"punktuell";"A1";"A5"
218;6183;"Der böse udug-Dämon, Namtar-Dämon, Kamadme-Dämon befinden sich im Körper des Menschen.";"durativ-initial";"punktuell";"durativ-initial";"A1";"A5"
218;6184;"Der große Herr Enki nähert sich der Krankheit.";"punktuell";"punktuell";"punktuell";"A1";"A5"
218;6185;"[Enki hat eine Beschwörung von Eridu] in seiner Hand.";"punktuell";"punktuell";"punktuell";"A1";"A5"
218;6186;"Der Vater Enki legt die Beschwörung von Eridu auf [die Dämonen].";"punktuell";"punktuell";"punktuell";"A1";"A5"
218;6187;"[Der Mensch] ist heilig wie der Himmel.";"durativ-resultativ";"durativ-konstant";"durativ-resultativ";"A1";"A5"
218;6188;"[Der Mensch] ist rein wie die Erde.";"durativ-resultativ";"durativ-konstant";"durativ-resultativ";"A1";"A5"
218;6189;"[Der Mensch] ist rein wie das Innere des Himmels.";"durativ-resultativ";"durativ-konstant";"durativ-resultativ";"A1";"A5"
218;6190;"Kamadme-Dämon [und andere Dämonen] verlassen den Körper des Menschen.";"punktuell";"durativ-resultativ";"punktuell";"A1";"A5"
227;6257;"Enmerkara ist Herrscher.";"durativ-initial";"durativ-initial";"durativ-initial";"A6";"A1"
227;6258;"Enmerkara zieht in den Krieg gegen Arata.";"punktuell";"punktuell";"punktuell";"A6";"A1"
227;6259;"Innana erwählt Lugalbanda als neuen Herrscher.";"punktuell";"punktuell";"punktuell";"A6";"A1"
227;6260;"Innana nimmt die Königsherrschaft von Enmerkara.";"punktuell";"punktuell";"punktuell";"A6";"A1"
227;6261;"Innana macht Lugalbanda zum neuen Herrscher.";"punktuell";"punktuell";"punktuell";"A6";"A1"
227;6262;"Lugalbanda ist Herrscher.";"durativ-resultativ";"durativ-resultativ";"durativ-resultativ";"A6";"A1"
227;6263;"Die Truppen des Enmerkara besiegen Arata für Lugalbanda.";"punktuell";"punktuell";"punktuell";"A6";"A1"
227;6264;"Lugalbanda gehört die Beute vom Kriegszug des Enmerkara.";"durativ-resultativ";"durativ-resultativ";"durativ-resultativ";"A6";"A1"
236;6329;"Enlil trennt den Himmel von der Erde.";"punktuell";"punktuell";"punktuell";"A1";"A2"
236;6330;"Enlil trennt die Erde vom Himmel.";"punktuell";"punktuell";"punktuell";"A1";"A2"
